<annotation>
	<folder>Table_images</folder>
	<filename>%5BMS-GPOL%5D-170601_34.jpg</filename>
	<path>C:\Users\DELL\Downloads\Major\Table_images\%5BMS-GPOL%5D-170601_34.jpg</path>
	<source>
		<database>Unknown</database>
	</source>
	<size>
		<width>612</width>
		<height>792</height>
		<depth>3</depth>
	</size>
	<segmented>0</segmented>
	<object>
		<name>table</name>
		<pose>Unspecified</pose>
		<truncated>0</truncated>
		<difficult>0</difficult>
		<bndbox>
			<xmin>71</xmin>
			<ymin>146</ymin>
			<xmax>230</xmax>
			<ymax>526</ymax>
		</bndbox>
	</object>
	<object>
		<name>table</name>
		<pose>Unspecified</pose>
		<truncated>0</truncated>
		<difficult>0</difficult>
		<bndbox>
			<xmin>72</xmin>
			<ymin>573</ymin>
			<xmax>203</xmax>
			<ymax>687</ymax>
		</bndbox>
	</object>
</annotation>
