<annotation>
	<folder>Table_images</folder>
	<filename>%5BMS-OXCFXICS%5D-080425_40.jpg</filename>
	<path>C:\Users\DELL\Downloads\Major\Table_images\%5BMS-OXCFXICS%5D-080425_40.jpg</path>
	<source>
		<database>Unknown</database>
	</source>
	<size>
		<width>612</width>
		<height>792</height>
		<depth>1</depth>
	</size>
	<segmented>0</segmented>
	<object>
		<name>table</name>
		<pose>Unspecified</pose>
		<truncated>0</truncated>
		<difficult>0</difficult>
		<bndbox>
			<xmin>84</xmin>
			<ymin>379</ymin>
			<xmax>520</xmax>
			<ymax>548</ymax>
		</bndbox>
	</object>
	<object>
		<name>table</name>
		<pose>Unspecified</pose>
		<truncated>0</truncated>
		<difficult>0</difficult>
		<bndbox>
			<xmin>83</xmin>
			<ymin>601</ymin>
			<xmax>519</xmax>
			<ymax>689</ymax>
		</bndbox>
	</object>
</annotation>
