<annotation>
	<folder>Table_images</folder>
	<filename>%5BMS-GPOL%5D-170601_79.jpg</filename>
	<path>C:\Users\DELL\Downloads\Major\Table_images\%5BMS-GPOL%5D-170601_79.jpg</path>
	<source>
		<database>Unknown</database>
	</source>
	<size>
		<width>612</width>
		<height>792</height>
		<depth>3</depth>
	</size>
	<segmented>0</segmented>
	<object>
		<name>table</name>
		<pose>Unspecified</pose>
		<truncated>0</truncated>
		<difficult>0</difficult>
		<bndbox>
			<xmin>71</xmin>
			<ymin>53</ymin>
			<xmax>277</xmax>
			<ymax>173</ymax>
		</bndbox>
	</object>
	<object>
		<name>table</name>
		<pose>Unspecified</pose>
		<truncated>0</truncated>
		<difficult>0</difficult>
		<bndbox>
			<xmin>72</xmin>
			<ymin>419</ymin>
			<xmax>473</xmax>
			<ymax>593</ymax>
		</bndbox>
	</object>
</annotation>
