<annotation>
	<folder>Table_images</folder>
	<filename>%5BMS-GPOL%5D-170601_38.jpg</filename>
	<path>C:\Users\DELL\Downloads\Major\Table_images\%5BMS-GPOL%5D-170601_38.jpg</path>
	<source>
		<database>Unknown</database>
	</source>
	<size>
		<width>612</width>
		<height>792</height>
		<depth>3</depth>
	</size>
	<segmented>0</segmented>
	<object>
		<name>table</name>
		<pose>Unspecified</pose>
		<truncated>0</truncated>
		<difficult>0</difficult>
		<bndbox>
			<xmin>70</xmin>
			<ymin>56</ymin>
			<xmax>203</xmax>
			<ymax>323</ymax>
		</bndbox>
	</object>
	<object>
		<name>table</name>
		<pose>Unspecified</pose>
		<truncated>0</truncated>
		<difficult>0</difficult>
		<bndbox>
			<xmin>73</xmin>
			<ymin>354</ymin>
			<xmax>296</xmax>
			<ymax>547</ymax>
		</bndbox>
	</object>
	<object>
		<name>table</name>
		<pose>Unspecified</pose>
		<truncated>0</truncated>
		<difficult>0</difficult>
		<bndbox>
			<xmin>71</xmin>
			<ymin>633</ymin>
			<xmax>403</xmax>
			<ymax>686</ymax>
		</bndbox>
	</object>
</annotation>
