<annotation>
	<folder>Table_images</folder>
	<filename>%5BMS-OAPXBC%5D-170613_12.jpg</filename>
	<path>C:\Users\DELL\Downloads\Major\Table_images\%5BMS-OAPXBC%5D-170613_12.jpg</path>
	<source>
		<database>Unknown</database>
	</source>
	<size>
		<width>612</width>
		<height>792</height>
		<depth>3</depth>
	</size>
	<segmented>0</segmented>
	<object>
		<name>table</name>
		<pose>Unspecified</pose>
		<truncated>0</truncated>
		<difficult>0</difficult>
		<bndbox>
			<xmin>69</xmin>
			<ymin>152</ymin>
			<xmax>404</xmax>
			<ymax>215</ymax>
		</bndbox>
	</object>
	<object>
		<name>table</name>
		<pose>Unspecified</pose>
		<truncated>0</truncated>
		<difficult>0</difficult>
		<bndbox>
			<xmin>68</xmin>
			<ymin>290</ymin>
			<xmax>327</xmax>
			<ymax>342</ymax>
		</bndbox>
	</object>
</annotation>
