<annotation>
	<folder>Table_images</folder>
	<filename>%5BMS-SHLLINK%5D-151016_31.jpg</filename>
	<path>C:\Users\DELL\Downloads\Major\Table_images\%5BMS-SHLLINK%5D-151016_31.jpg</path>
	<source>
		<database>Unknown</database>
	</source>
	<size>
		<width>612</width>
		<height>792</height>
		<depth>1</depth>
	</size>
	<segmented>0</segmented>
	<object>
		<name>table</name>
		<pose>Unspecified</pose>
		<truncated>0</truncated>
		<difficult>0</difficult>
		<bndbox>
			<xmin>87</xmin>
			<ymin>115</ymin>
			<xmax>512</xmax>
			<ymax>332</ymax>
		</bndbox>
	</object>
	<object>
		<name>table</name>
		<pose>Unspecified</pose>
		<truncated>0</truncated>
		<difficult>0</difficult>
		<bndbox>
			<xmin>89</xmin>
			<ymin>369</ymin>
			<xmax>268</xmax>
			<ymax>442</ymax>
		</bndbox>
	</object>
	<object>
		<name>table</name>
		<pose>Unspecified</pose>
		<truncated>0</truncated>
		<difficult>0</difficult>
		<bndbox>
			<xmin>87</xmin>
			<ymin>509</ymin>
			<xmax>243</xmax>
			<ymax>613</ymax>
		</bndbox>
	</object>
	<object>
		<name>table</name>
		<pose>Unspecified</pose>
		<truncated>0</truncated>
		<difficult>0</difficult>
		<bndbox>
			<xmin>88</xmin>
			<ymin>649</ymin>
			<xmax>312</xmax>
			<ymax>672</ymax>
		</bndbox>
	</object>
</annotation>
