<annotation>
	<folder>Table_images</folder>
	<filename>%5BMS-PCCRC%5D-170601_15.jpg</filename>
	<path>C:\Users\DELL\Downloads\Major\Table_images\%5BMS-PCCRC%5D-170601_15.jpg</path>
	<source>
		<database>Unknown</database>
	</source>
	<size>
		<width>612</width>
		<height>792</height>
		<depth>3</depth>
	</size>
	<segmented>0</segmented>
	<object>
		<name>table</name>
		<pose>Unspecified</pose>
		<truncated>0</truncated>
		<difficult>0</difficult>
		<bndbox>
			<xmin>88</xmin>
			<ymin>73</ymin>
			<xmax>322</xmax>
			<ymax>183</ymax>
		</bndbox>
	</object>
</annotation>
