<annotation>
	<folder>Table_images</folder>
	<filename>%20VNR%2014-I-9_5.jpg</filename>
	<path>C:\Users\DELL\Downloads\Major\Table_images\%20VNR%2014-I-9_5.jpg</path>
	<source>
		<database>Unknown</database>
	</source>
	<size>
		<width>596</width>
		<height>842</height>
		<depth>1</depth>
	</size>
	<segmented>0</segmented>
	<object>
		<name>table</name>
		<pose>Unspecified</pose>
		<truncated>0</truncated>
		<difficult>0</difficult>
		<bndbox>
			<xmin>87</xmin>
			<ymin>72</ymin>
			<xmax>507</xmax>
			<ymax>612</ymax>
		</bndbox>
	</object>
</annotation>
