<annotation>
	<folder>Table_images</folder>
	<filename>%5BMS-OXWSNTIF%5D-160914_19.jpg</filename>
	<path>C:\Users\DELL\Downloads\Major\Table_images\%5BMS-OXWSNTIF%5D-160914_19.jpg</path>
	<source>
		<database>Unknown</database>
	</source>
	<size>
		<width>612</width>
		<height>792</height>
		<depth>3</depth>
	</size>
	<segmented>0</segmented>
	<object>
		<name>table</name>
		<pose>Unspecified</pose>
		<truncated>0</truncated>
		<difficult>0</difficult>
		<bndbox>
			<xmin>70</xmin>
			<ymin>54</ymin>
			<xmax>537</xmax>
			<ymax>212</ymax>
		</bndbox>
	</object>
	<object>
		<name>table</name>
		<pose>Unspecified</pose>
		<truncated>0</truncated>
		<difficult>0</difficult>
		<bndbox>
			<xmin>72</xmin>
			<ymin>310</ymin>
			<xmax>431</xmax>
			<ymax>389</ymax>
		</bndbox>
	</object>
</annotation>
