<annotation>
	<folder>Table_images</folder>
	<filename>%5BMS-SHLLINK%5D-151016_18.jpg</filename>
	<path>C:\Users\DELL\Downloads\Major\Table_images\%5BMS-SHLLINK%5D-151016_18.jpg</path>
	<source>
		<database>Unknown</database>
	</source>
	<size>
		<width>612</width>
		<height>792</height>
		<depth>3</depth>
	</size>
	<segmented>0</segmented>
	<object>
		<name>table</name>
		<pose>Unspecified</pose>
		<truncated>0</truncated>
		<difficult>0</difficult>
		<bndbox>
			<xmin>90</xmin>
			<ymin>52</ymin>
			<xmax>265</xmax>
			<ymax>200</ymax>
		</bndbox>
	</object>
	<object>
		<name>table</name>
		<pose>Unspecified</pose>
		<truncated>0</truncated>
		<difficult>0</difficult>
		<bndbox>
			<xmin>89</xmin>
			<ymin>241</ymin>
			<xmax>350</xmax>
			<ymax>360</ymax>
		</bndbox>
	</object>
	<object>
		<name>table</name>
		<pose>Unspecified</pose>
		<truncated>0</truncated>
		<difficult>0</difficult>
		<bndbox>
			<xmin>68</xmin>
			<ymin>457</ymin>
			<xmax>506</xmax>
			<ymax>537</ymax>
		</bndbox>
	</object>
</annotation>
