<annotation>
	<folder>Table_images</folder>
	<filename>%20%20%20_2.jpg</filename>
	<path>C:\Users\DELL\Downloads\Major\Table_images\%20%20%20_2.jpg</path>
	<source>
		<database>Unknown</database>
	</source>
	<size>
		<width>596</width>
		<height>842</height>
		<depth>3</depth>
	</size>
	<segmented>0</segmented>
	<object>
		<name>table</name>
		<pose>Unspecified</pose>
		<truncated>0</truncated>
		<difficult>0</difficult>
		<bndbox>
			<xmin>64</xmin>
			<ymin>331</ymin>
			<xmax>522</xmax>
			<ymax>626</ymax>
		</bndbox>
	</object>
	<object>
		<name>table</name>
		<pose>Unspecified</pose>
		<truncated>0</truncated>
		<difficult>0</difficult>
		<bndbox>
			<xmin>62</xmin>
			<ymin>664</ymin>
			<xmax>519</xmax>
			<ymax>774</ymax>
		</bndbox>
	</object>
</annotation>
