<annotation>
	<folder>Table_images</folder>
	<filename>%5BMS-OXWSNTIF%5D-160914_39.jpg</filename>
	<path>C:\Users\DELL\Downloads\Major\Table_images\%5BMS-OXWSNTIF%5D-160914_39.jpg</path>
	<source>
		<database>Unknown</database>
	</source>
	<size>
		<width>612</width>
		<height>792</height>
		<depth>3</depth>
	</size>
	<segmented>0</segmented>
	<object>
		<name>table</name>
		<pose>Unspecified</pose>
		<truncated>0</truncated>
		<difficult>0</difficult>
		<bndbox>
			<xmin>71</xmin>
			<ymin>300</ymin>
			<xmax>524</xmax>
			<ymax>362</ymax>
		</bndbox>
	</object>
	<object>
		<name>table</name>
		<pose>Unspecified</pose>
		<truncated>0</truncated>
		<difficult>0</difficult>
		<bndbox>
			<xmin>72</xmin>
			<ymin>631</ymin>
			<xmax>535</xmax>
			<ymax>651</ymax>
		</bndbox>
	</object>
</annotation>
