<annotation>
	<folder>Table_images</folder>
	<filename>%5BMS-OXWSNTIF%5D-160914_44.jpg</filename>
	<path>C:\Users\DELL\Downloads\Major\Table_images\%5BMS-OXWSNTIF%5D-160914_44.jpg</path>
	<source>
		<database>Unknown</database>
	</source>
	<size>
		<width>612</width>
		<height>792</height>
		<depth>3</depth>
	</size>
	<segmented>0</segmented>
	<object>
		<name>table</name>
		<pose>Unspecified</pose>
		<truncated>0</truncated>
		<difficult>0</difficult>
		<bndbox>
			<xmin>70</xmin>
			<ymin>242</ymin>
			<xmax>403</xmax>
			<ymax>373</ymax>
		</bndbox>
	</object>
	<object>
		<name>table</name>
		<pose>Unspecified</pose>
		<truncated>0</truncated>
		<difficult>0</difficult>
		<bndbox>
			<xmin>70</xmin>
			<ymin>454</ymin>
			<xmax>455</xmax>
			<ymax>536</ymax>
		</bndbox>
	</object>
</annotation>
