<annotation>
	<folder>Table_images</folder>
	<filename>%5BMS-GPFAS%5D-160714_16.jpg</filename>
	<path>C:\Users\DELL\Downloads\Major\Table_images\%5BMS-GPFAS%5D-160714_16.jpg</path>
	<source>
		<database>Unknown</database>
	</source>
	<size>
		<width>612</width>
		<height>792</height>
		<depth>3</depth>
	</size>
	<segmented>0</segmented>
	<object>
		<name>table</name>
		<pose>Unspecified</pose>
		<truncated>0</truncated>
		<difficult>0</difficult>
		<bndbox>
			<xmin>73</xmin>
			<ymin>53</ymin>
			<xmax>403</xmax>
			<ymax>90</ymax>
		</bndbox>
	</object>
	<object>
		<name>table</name>
		<pose>Unspecified</pose>
		<truncated>0</truncated>
		<difficult>0</difficult>
		<bndbox>
			<xmin>70</xmin>
			<ymin>425</ymin>
			<xmax>520</xmax>
			<ymax>520</ymax>
		</bndbox>
	</object>
</annotation>
