<annotation>
	<folder>Table_images</folder>
	<filename>%5BMS-OXWSNTIF%5D-160914_16.jpg</filename>
	<path>C:\Users\DELL\Downloads\Major\Table_images\%5BMS-OXWSNTIF%5D-160914_16.jpg</path>
	<source>
		<database>Unknown</database>
	</source>
	<size>
		<width>612</width>
		<height>792</height>
		<depth>3</depth>
	</size>
	<segmented>0</segmented>
	<object>
		<name>table</name>
		<pose>Unspecified</pose>
		<truncated>0</truncated>
		<difficult>0</difficult>
		<bndbox>
			<xmin>71</xmin>
			<ymin>53</ymin>
			<xmax>304</xmax>
			<ymax>294</ymax>
		</bndbox>
	</object>
	<object>
		<name>table</name>
		<pose>Unspecified</pose>
		<truncated>0</truncated>
		<difficult>0</difficult>
		<bndbox>
			<xmin>71</xmin>
			<ymin>579</ymin>
			<xmax>536</xmax>
			<ymax>629</ymax>
		</bndbox>
	</object>
</annotation>
