<annotation>
	<folder>Table_images</folder>
	<filename>%5BMS-GPFAS%5D-160714_15.jpg</filename>
	<path>C:\Users\DELL\Downloads\Major\Table_images\%5BMS-GPFAS%5D-160714_15.jpg</path>
	<source>
		<database>Unknown</database>
	</source>
	<size>
		<width>612</width>
		<height>792</height>
		<depth>3</depth>
	</size>
	<segmented>0</segmented>
	<object>
		<name>table</name>
		<pose>Unspecified</pose>
		<truncated>0</truncated>
		<difficult>0</difficult>
		<bndbox>
			<xmin>72</xmin>
			<ymin>334</ymin>
			<xmax>418</xmax>
			<ymax>394</ymax>
		</bndbox>
	</object>
	<object>
		<name>table</name>
		<pose>Unspecified</pose>
		<truncated>0</truncated>
		<difficult>0</difficult>
		<bndbox>
			<xmin>71</xmin>
			<ymin>569</ymin>
			<xmax>402</xmax>
			<ymax>687</ymax>
		</bndbox>
	</object>
</annotation>
