<annotation>
	<folder>Table_images</folder>
	<filename>%5BMS-SHLLINK%5D-151016_32.jpg</filename>
	<path>C:\Users\DELL\Downloads\Major\Table_images\%5BMS-SHLLINK%5D-151016_32.jpg</path>
	<source>
		<database>Unknown</database>
	</source>
	<size>
		<width>612</width>
		<height>792</height>
		<depth>3</depth>
	</size>
	<segmented>0</segmented>
	<object>
		<name>table</name>
		<pose>Unspecified</pose>
		<truncated>0</truncated>
		<difficult>0</difficult>
		<bndbox>
			<xmin>89</xmin>
			<ymin>55</ymin>
			<xmax>308</xmax>
			<ymax>115</ymax>
		</bndbox>
	</object>
	<object>
		<name>table</name>
		<pose>Unspecified</pose>
		<truncated>0</truncated>
		<difficult>0</difficult>
		<bndbox>
			<xmin>90</xmin>
			<ymin>165</ymin>
			<xmax>297</xmax>
			<ymax>243</ymax>
		</bndbox>
	</object>
	<object>
		<name>table</name>
		<pose>Unspecified</pose>
		<truncated>0</truncated>
		<difficult>0</difficult>
		<bndbox>
			<xmin>86</xmin>
			<ymin>273</ymin>
			<xmax>309</xmax>
			<ymax>355</ymax>
		</bndbox>
	</object>
	<object>
		<name>table</name>
		<pose>Unspecified</pose>
		<truncated>0</truncated>
		<difficult>0</difficult>
		<bndbox>
			<xmin>89</xmin>
			<ymin>394</ymin>
			<xmax>538</xmax>
			<ymax>465</ymax>
		</bndbox>
	</object>
	<object>
		<name>table</name>
		<pose>Unspecified</pose>
		<truncated>0</truncated>
		<difficult>0</difficult>
		<bndbox>
			<xmin>90</xmin>
			<ymin>566</ymin>
			<xmax>321</xmax>
			<ymax>648</ymax>
		</bndbox>
	</object>
</annotation>
