<annotation>
	<folder>Table_images</folder>
	<filename>%5BMS-SHLLINK%5D-151016_12.jpg</filename>
	<path>C:\Users\DELL\Downloads\Major\Table_images\%5BMS-SHLLINK%5D-151016_12.jpg</path>
	<source>
		<database>Unknown</database>
	</source>
	<size>
		<width>612</width>
		<height>792</height>
		<depth>3</depth>
	</size>
	<segmented>0</segmented>
	<object>
		<name>table</name>
		<pose>Unspecified</pose>
		<truncated>0</truncated>
		<difficult>0</difficult>
		<bndbox>
			<xmin>89</xmin>
			<ymin>52</ymin>
			<xmax>542</xmax>
			<ymax>171</ymax>
		</bndbox>
	</object>
	<object>
		<name>table</name>
		<pose>Unspecified</pose>
		<truncated>0</truncated>
		<difficult>0</difficult>
		<bndbox>
			<xmin>70</xmin>
			<ymin>360</ymin>
			<xmax>505</xmax>
			<ymax>433</ymax>
		</bndbox>
	</object>
	<object>
		<name>table</name>
		<pose>Unspecified</pose>
		<truncated>0</truncated>
		<difficult>0</difficult>
		<bndbox>
			<xmin>91</xmin>
			<ymin>462</ymin>
			<xmax>541</xmax>
			<ymax>677</ymax>
		</bndbox>
	</object>
</annotation>
