<annotation>
	<folder>Table_images</folder>
	<filename>%5BMS-OXWSNTIF%5D-160914_31.jpg</filename>
	<path>C:\Users\DELL\Downloads\Major\Table_images\%5BMS-OXWSNTIF%5D-160914_31.jpg</path>
	<source>
		<database>Unknown</database>
	</source>
	<size>
		<width>612</width>
		<height>792</height>
		<depth>3</depth>
	</size>
	<segmented>0</segmented>
	<object>
		<name>table</name>
		<pose>Unspecified</pose>
		<truncated>0</truncated>
		<difficult>0</difficult>
		<bndbox>
			<xmin>70</xmin>
			<ymin>233</ymin>
			<xmax>530</xmax>
			<ymax>287</ymax>
		</bndbox>
	</object>
	<object>
		<name>table</name>
		<pose>Unspecified</pose>
		<truncated>0</truncated>
		<difficult>0</difficult>
		<bndbox>
			<xmin>71</xmin>
			<ymin>516</ymin>
			<xmax>408</xmax>
			<ymax>658</ymax>
		</bndbox>
	</object>
</annotation>
