<annotation>
	<folder>Table_images</folder>
	<filename>%5BMS-SHLLINK%5D-151016_20.jpg</filename>
	<path>C:\Users\DELL\Downloads\Major\Table_images\%5BMS-SHLLINK%5D-151016_20.jpg</path>
	<source>
		<database>Unknown</database>
	</source>
	<size>
		<width>612</width>
		<height>792</height>
		<depth>3</depth>
	</size>
	<segmented>0</segmented>
	<object>
		<name>table</name>
		<pose>Unspecified</pose>
		<truncated>0</truncated>
		<difficult>0</difficult>
		<bndbox>
			<xmin>70</xmin>
			<ymin>53</ymin>
			<xmax>505</xmax>
			<ymax>423</ymax>
		</bndbox>
	</object>
	<object>
		<name>table</name>
		<pose>Unspecified</pose>
		<truncated>0</truncated>
		<difficult>0</difficult>
		<bndbox>
			<xmin>89</xmin>
			<ymin>536</ymin>
			<xmax>402</xmax>
			<ymax>616</ymax>
		</bndbox>
	</object>
	<object>
		<name>table</name>
		<pose>Unspecified</pose>
		<truncated>0</truncated>
		<difficult>0</difficult>
		<bndbox>
			<xmin>91</xmin>
			<ymin>665</ymin>
			<xmax>525</xmax>
			<ymax>694</ymax>
		</bndbox>
	</object>
</annotation>
