<annotation>
	<folder>Table_images</folder>
	<filename>%5BMS-GPAC%5D-150630_34.jpg</filename>
	<path>C:\Users\DELL\Downloads\Major\Table_images\%5BMS-GPAC%5D-150630_34.jpg</path>
	<source>
		<database>Unknown</database>
	</source>
	<size>
		<width>612</width>
		<height>792</height>
		<depth>3</depth>
	</size>
	<segmented>0</segmented>
	<object>
		<name>table</name>
		<pose>Unspecified</pose>
		<truncated>0</truncated>
		<difficult>0</difficult>
		<bndbox>
			<xmin>82</xmin>
			<ymin>52</ymin>
			<xmax>541</xmax>
			<ymax>163</ymax>
		</bndbox>
	</object>
	<object>
		<name>table</name>
		<pose>Unspecified</pose>
		<truncated>0</truncated>
		<difficult>0</difficult>
		<bndbox>
			<xmin>71</xmin>
			<ymin>488</ymin>
			<xmax>296</xmax>
			<ymax>663</ymax>
		</bndbox>
	</object>
</annotation>
