<annotation>
	<folder>Table_images</folder>
	<filename>%5BMS-FSVCA%5D-170601_6.jpg</filename>
	<path>C:\Users\DELL\Downloads\Major\Table_images\%5BMS-FSVCA%5D-170601_6.jpg</path>
	<source>
		<database>Unknown</database>
	</source>
	<size>
		<width>612</width>
		<height>792</height>
		<depth>3</depth>
	</size>
	<segmented>0</segmented>
	<object>
		<name>table</name>
		<pose>Unspecified</pose>
		<truncated>0</truncated>
		<difficult>0</difficult>
		<bndbox>
			<xmin>70</xmin>
			<ymin>102</ymin>
			<xmax>243</xmax>
			<ymax>155</ymax>
		</bndbox>
	</object>
	<object>
		<name>table</name>
		<pose>Unspecified</pose>
		<truncated>0</truncated>
		<difficult>0</difficult>
		<bndbox>
			<xmin>68</xmin>
			<ymin>261</ymin>
			<xmax>507</xmax>
			<ymax>392</ymax>
		</bndbox>
	</object>
	<object>
		<name>table</name>
		<pose>Unspecified</pose>
		<truncated>0</truncated>
		<difficult>0</difficult>
		<bndbox>
			<xmin>68</xmin>
			<ymin>527</ymin>
			<xmax>504</xmax>
			<ymax>632</ymax>
		</bndbox>
	</object>
</annotation>
