<annotation>
	<folder>Table_images</folder>
	<filename>%20_%20%202013-2014_0_7.jpg</filename>
	<path>C:\Users\DELL\Downloads\Major\Table_images\%20_%20%202013-2014_0_7.jpg</path>
	<source>
		<database>Unknown</database>
	</source>
	<size>
		<width>596</width>
		<height>842</height>
		<depth>1</depth>
	</size>
	<segmented>0</segmented>
	<object>
		<name>table</name>
		<pose>Unspecified</pose>
		<truncated>0</truncated>
		<difficult>0</difficult>
		<bndbox>
			<xmin>105</xmin>
			<ymin>204</ymin>
			<xmax>507</xmax>
			<ymax>342</ymax>
		</bndbox>
	</object>
	<object>
		<name>table</name>
		<pose>Unspecified</pose>
		<truncated>0</truncated>
		<difficult>0</difficult>
		<bndbox>
			<xmin>107</xmin>
			<ymin>516</ymin>
			<xmax>506</xmax>
			<ymax>765</ymax>
		</bndbox>
	</object>
</annotation>
