<annotation>
	<folder>Table_images</folder>
	<filename>%5BMS-GPOL%5D-170601_29.jpg</filename>
	<path>C:\Users\DELL\Downloads\Major\Table_images\%5BMS-GPOL%5D-170601_29.jpg</path>
	<source>
		<database>Unknown</database>
	</source>
	<size>
		<width>612</width>
		<height>792</height>
		<depth>3</depth>
	</size>
	<segmented>0</segmented>
	<object>
		<name>table</name>
		<pose>Unspecified</pose>
		<truncated>0</truncated>
		<difficult>0</difficult>
		<bndbox>
			<xmin>69</xmin>
			<ymin>51</ymin>
			<xmax>539</xmax>
			<ymax>509</ymax>
		</bndbox>
	</object>
	<object>
		<name>table</name>
		<pose>Unspecified</pose>
		<truncated>0</truncated>
		<difficult>0</difficult>
		<bndbox>
			<xmin>69</xmin>
			<ymin>581</ymin>
			<xmax>361</xmax>
			<ymax>679</ymax>
		</bndbox>
	</object>
</annotation>
