<annotation>
	<folder>Table_images</folder>
	<filename>%5BMS-DOM2S%5D-180323_7.jpg</filename>
	<path>C:\Users\DELL\Downloads\Major\Table_images\%5BMS-DOM2S%5D-180323_7.jpg</path>
	<source>
		<database>Unknown</database>
	</source>
	<size>
		<width>612</width>
		<height>792</height>
		<depth>3</depth>
	</size>
	<segmented>0</segmented>
	<object>
		<name>table</name>
		<pose>Unspecified</pose>
		<truncated>0</truncated>
		<difficult>0</difficult>
		<bndbox>
			<xmin>89</xmin>
			<ymin>114</ymin>
			<xmax>410</xmax>
			<ymax>176</ymax>
		</bndbox>
	</object>
	<object>
		<name>table</name>
		<pose>Unspecified</pose>
		<truncated>0</truncated>
		<difficult>0</difficult>
		<bndbox>
			<xmin>70</xmin>
			<ymin>262</ymin>
			<xmax>203</xmax>
			<ymax>691</ymax>
		</bndbox>
	</object>
</annotation>
