<annotation>
	<folder>Table_images</folder>
	<filename>%5BMS-OXCFXICS%5D-080425_30.jpg</filename>
	<path>C:\Users\DELL\Downloads\Major\Table_images\%5BMS-OXCFXICS%5D-080425_30.jpg</path>
	<source>
		<database>Unknown</database>
	</source>
	<size>
		<width>612</width>
		<height>792</height>
		<depth>1</depth>
	</size>
	<segmented>0</segmented>
	<object>
		<name>table</name>
		<pose>Unspecified</pose>
		<truncated>0</truncated>
		<difficult>0</difficult>
		<bndbox>
			<xmin>86</xmin>
			<ymin>105</ymin>
			<xmax>524</xmax>
			<ymax>611</ymax>
		</bndbox>
	</object>
</annotation>
