<annotation>
	<folder>Table_images</folder>
	<filename>%5BMS-GPOL%5D-170601_83.jpg</filename>
	<path>C:\Users\DELL\Downloads\Major\Table_images\%5BMS-GPOL%5D-170601_83.jpg</path>
	<source>
		<database>Unknown</database>
	</source>
	<size>
		<width>612</width>
		<height>792</height>
		<depth>3</depth>
	</size>
	<segmented>0</segmented>
	<object>
		<name>table</name>
		<pose>Unspecified</pose>
		<truncated>0</truncated>
		<difficult>0</difficult>
		<bndbox>
			<xmin>73</xmin>
			<ymin>129</ymin>
			<xmax>440</xmax>
			<ymax>225</ymax>
		</bndbox>
	</object>
	<object>
		<name>table</name>
		<pose>Unspecified</pose>
		<truncated>0</truncated>
		<difficult>0</difficult>
		<bndbox>
			<xmin>72</xmin>
			<ymin>284</ymin>
			<xmax>441</xmax>
			<ymax>352</ymax>
		</bndbox>
	</object>
	<object>
		<name>table</name>
		<pose>Unspecified</pose>
		<truncated>0</truncated>
		<difficult>0</difficult>
		<bndbox>
			<xmin>72</xmin>
			<ymin>385</ymin>
			<xmax>438</xmax>
			<ymax>452</ymax>
		</bndbox>
	</object>
	<object>
		<name>table</name>
		<pose>Unspecified</pose>
		<truncated>0</truncated>
		<difficult>0</difficult>
		<bndbox>
			<xmin>70</xmin>
			<ymin>481</ymin>
			<xmax>444</xmax>
			<ymax>670</ymax>
		</bndbox>
	</object>
</annotation>
